A Switch With No Good Name,linear
Aflion Black and Orange,tactile
Aflion Blue Sky,linear
Aflion Blush,linear
Aflion Heavy Yellow Sample,tactile
Aflion Holy Panda,tactile
Aflion Iceberg Blue V2,linear
Aflion Iceberg Orange V2,linear
Aflion Iceberg Pink V2,linear
Aflion Iceberg Purple V2,linear
Aflion Iceberg Rainbow Blue,linear
Aflion Iceberg Red V2,linear
Aflion Iceberg Teal V2,linear
Aflion Iceberg Yellow V2,linear
Aflion Tropical Waters,linear
Agile Moon,linear
Ajazz AS Coral Pink,linear
Ajazz AS Foggy Mountain Green,linear
Ajazz AS Royal Yellow,linear
Ajazz AS Sky Blue,tactile
"Ajazz Brown (Clear Top, Black Bottom)",tactile
Ajazz Doyu Orange,tactile
Ajazz Doyu White,linear
Ajazz Purple,clicky
Ajazz x Huano Banana,tactile
Ajazz x Huano Peach,linear
Akko Air,linear
Akko Blue V2,clicky
Akko CS Jelly Black,linear
Akko CS Jelly Blue,tactile
Akko CS Jelly Pink,linear
Akko CS Jelly Purple,tactile
Akko CS Jelly White,linear
Akko CS Lavender Purple,tactile
Akko CS Radiant Red,linear
Akko CS Sponge,tactile
Akko CS Starfish,linear
Akko CS Vintage White,linear
Akko CS Wine White,tactile
Akko Crystal,linear
Akko Crystal Blue,linear
Akko Crystal Silver,linear
Akko Crystal Wine Red,linear
Akko Haze Pink,linear
Akko Orange V1,tactile
Akko POM Brown,tactile
Akko POM Pink,linear
Akko POM Silver,linear
Akko Piano,linear
Akko Snow Blue Grey,linear
Akko V3 Cream Blue,tactile
Akko V3 Cream Blue Pro,tactile
Akko V3 Cream Yellow,linear
Akko V3 Cream Yellow Pro,linear
Akko Wine Red,linear
All Clack,tactile
AngryMiao Cyberswitch,tactile
Aristotle White,clicky
Asus Rog NX Blue,clicky
Asus Rog NX Brown,tactile
Asus Rog NX Red,linear
BBN (Tactile),tactile
BBN Linear,linear
BSUN 5 Pin Blue Panda,linear
BSUN 5 Pin Green Panda,linear
BSUN 5 Pin Red Panda,linear
BSUN 5 Pin White Panda,linear
BSUN 5 Pin Yellow Panda,linear
BSUN Avocado Panda V2,tactile
BSUN Bitao,linear
BSUN Crystal Light Blue,linear
BSUN Crystal White,linear
BSUN Dragon Fruit Panda V2,tactile
BSUN Dustproof Blue,clicky
BSUN Ginseng Fruit,tactile
BSUN Guyu,linear
BSUN Light Switch,clicky
BSUN Lychee Black,linear
BSUN Lychee Red,linear
BSUN POM Panda Black,linear
BSUN POM Panda Red,linear
BSUN Peach Pride,linear
BSUN Pikachu,linear
BSUN Polar Panda V2,tactile
BSUN Racoon Panda V2,tactile
BSUN Smoky Pink Tactile,tactile
BSUN Translucent Panda 3 Pin,linear
BSUN Yellow (Clear_White),linear
Banana Milk Linear Factory Sample,linear
Banana Milk Tactile,tactile
Banana Milk Tactile Factory Sample,tactile
Betty,tactile
Bingsu POM,linear
Black Cherry Pie,linear
Black Geon Switch,linear
Blaeck,linear
Blue Lotus,tactile
Bluejay,tactile
Bobagum (62g),linear
Bolsa Namazu,linear
Bonbonera POM Pink,linear
Brazilian Iron,linear
C&K Black,linear
C3 Equalz Tangerine V2 (62g),linear
C3 Kiwi,tactile
CHAOSERA Klein,linear
CIY Evo Purple S,tactile
CIY Evo Red S,linear
CIY Evolution Red,linear
CIY Primaris Asura,tactile
CIY Primaris Naraka,linear
CIY Primaris Red Lotus,linear
CIY Primaris Sakura,linear
CK x Haimu Pastel Azalea,linear
CK x Haimu Pastel Flan,linear
CK x Haimu Pastel Lemon,linear
CK x Haimu Pastel Mint,tactile
CK x Haimu Pastel Peach,linear
CK x Haimu Pastel Sky,linear
CK x Haimu Pastel Thistle,tactile
Ca Phe Sua Da,linear
Cardinal,linear
Cherry Blossom,linear
Cherry Hirose Clear,linear
Cherry Hirose Orange,linear
Cherry MX 'New Nixie' (Black Clear-Top),linear
Cherry MX Black,linear
Cherry MX Blue,clicky
Cherry MX Brown,tactile
Cherry MX Clear,tactile
Cherry MX Ergo Clear,tactile
Cherry MX Green,clicky
Cherry MX Hyperglide Black (3 Pin),linear
Cherry MX Hyperglide Black (5 Pin),linear
Cherry MX Hyperglide Brown,tactile
Cherry MX Jailhouse Blue,tactile
Cherry MX Linear Grey,linear
Cherry MX Lock,special
Cherry MX RGB Black,linear
Cherry MX Red,linear
Cherry MX Tactile Grey,tactile
Cherry MX White,clicky
Cherry MX2A RGB Black,linear
Cherry MX2A RGB Blue,clicky
Cherry MX2A RGB Brown,tactile
Cherry MX2A RGB Red,linear
Cherry MX2A RGB Silent Red,linear
Cherry MX2A RGB Speed Silver,linear
Cherry MX_M8 Black Adapter,linear
Cherry MX_M8 White Adapter,linear
Cherry Nixdorf Black,linear
Cherry Nixdorf White,linear
Chocolate Toffee Linear,linear
Chosfox Hanami Dango Green,tactile
Chosfox Hanami Dango Pink,linear
Chosfox Summer Lime,linear
Chosfox x JWICK Voyager,tactile
Clickiez 40g Clicky,clicky
Clickiez 40g Linear,linear
Clickiez 40g Tactile,tactile
Clickiez 75g Clicky,clicky
Clickiez 75g Linear,linear
Clickiez 75g Tactile,tactile
Clunked Corsa,tactile
Commute,linear
Cookies n' Cream,tactile
Corsa,tactile
Cotton Candy,tactile
Crow,linear
DK Creamery Blueberry Swirl,linear
DareU Candy Pink V1,linear
DareU Mahjong,linear
DareU Sky Blue V3,linear
DareU Sky V2,linear
DareU Violet Gold Pro,tactile
DareU Violet_Purple Gold V2,tactile
Designer Studio Graphite Gold,linear
Designer Studio Retro Light Blue,linear
Designer Studio Retro Light Green,linear
Designer Studio Retro Light Red,linear
Designer Studio Starry,linear
Designer Studio Taoyao,linear
Diamond Avalon,linear
Doom Tactile,tactile
Drop Holy Panda X Clear (3 Pin),tactile
Drop Holy Panda X Clear (5 Pin),tactile
Durock Black Lotus (63.5g),linear
Durock Black Lotus (80g),linear
Durock Blush,tactile
Durock POM Linear,linear
Durock Sea Glass,linear
Durock Shrimp,tactile
Dustproof Banana Split,linear
Dustproof SP Star Meteor Grey,linear
Dustproof SP Star Meteor Orange,tactile
Dustproof SP Star Meteor Purple,tactile
Dustproof SP Star Meteor White,linear
EMT V1,linear
EMT V2,linear
Emogogo Grey,tactile
Emogogo Hybrid Black,linear
Emogogo White,linear
Epomaker Bluebird,linear
Epomaker Budgreigar,tactile
Epomaker Comte,linear
Epomaker Flamingo,linear
Epsilon V2,linear
FLCMMK Bauhinia,linear
FLCMMK Box Rosa Pink,linear
FLCMMK Green Glacier,clicky
FLCMMK Ice Mint,linear
FLCMMK Pink Glacier,linear
FLCMMK Purple Glacier,tactile
Factory Defect SP Star Meteor White,linear
Feker Emerald Yellow,linear
Feker Matcha,linear
Feker White Marble,linear
Firstblood Blue,clicky
Firstblood Pink,linear
Forgiven,linear
Free Wolf White,linear
Free Wolf Yellow,linear
G-Square Black Warrior V2,tactile
G-Square Dreamland Linear,linear
G-Square Dreamland Tactile,tactile
G-Square White Warrior,linear
Gamakay Griffin,tactile
Gamakay Pegasus,tactile
Ganss Lunar Blue,tactile
Ganss Lunar Grey,linear
Gateron Azure Dragon V2,tactile
Gateron Baby Kangaroo,tactile
Gateron Baby Racoon,linear
Gateron Box Ink Pink,linear
Gateron CAP Yellow V2,linear
Gateron CJ Light Blue,linear
Gateron CM,linear
Gateron Camping,linear
Gateron Cap Crystal Blue,clicky
Gateron Cap Crystal Brown,tactile
Gateron Cap Crystal Red,linear
Gateron Cap Crystal Silent Red,linear
Gateron Cap Crystal Silver,linear
Gateron Cap Crystal Yellow,linear
Gateron Cap Ecommerce Anniversary,linear
Gateron Cream Soda,linear
Gateron FC,linear
Gateron G Pro 3.0 Yellow,linear
Gateron Holy Panda X,tactile
Gateron Holy Panda X Prototype,tactile
Gateron KS9 Pro 2.0 Black,linear
Gateron KS9 Pro 2.0 Blue,clicky
Gateron KS9 Pro 2.0 Brown,tactile
Gateron KS9 Pro 2.0 Red,linear
Gateron KS9 Pro 2.0 Silver,linear
Gateron KS9 Pro 2.0 White,linear
Gateron KS9 Pro 2.0 Yellow,linear
Gateron Kangaroo Ink,tactile
Gateron Limbo,tactile
Gateron Lion,linear
Gateron Low Profile Brown 2.0,tactile
Gateron Luciola,linear
Gateron Mini,linear
Gateron Mink,linear
Gateron Mizu Mink,linear
Gateron North Pole,linear
Gateron Oil King,linear
Gateron Phantom Blue,clicky
Gateron Phantom Red,linear
Gateron Root Beer Float,tactile
Gateron Root Beer Float (New Pin),tactile
Gateron Silent Ink V2,linear
Gateron UHMknown,linear
Gateron Unicorn,linear
Gateron Vermillion Bird,linear
Gateron X,linear
Gateron X V2,linear
Gateron x Swagkeys Pure Berry,linear
Gatistotle,clicky
Gazzew Phoenix Final 75g,clicky
Gazzew Phoenix V1 75g,clicky
Gazzew Phoenix V2 75g,clicky
Glorious Fox,linear
GoPolar Yang,linear
GoPolar Yin,tactile
Grain Gold Blue Linear Sample,linear
Grain Gold Neon V1,linear
Grain Gold Neon V2,linear
Grain Gold Tom Gold Pink,linear
Green Jacket Linear,linear
Green Jacket Tactile,tactile
"Greetech Black (Clear_White, 3 Pin)",linear
Greetech Blue (Black Housing),clicky
"Greetech Blue (Clear_White, 5 Pin)",clicky
Gypsophilia 1,tactile
Gypsophilia 2,linear
Gypsophilia 3,tactile
Gypsophilia 4,linear
Gypsophilia 5,linear
Gypsophilia 6,linear
HAPE Orange,linear
HCP Hirose Clear,linear
HK Gaming MS-1 Pro Lake Blue,linear
HK Gaming MS-1 Pro Marlin Blue,linear
HK Gaming MS-1 Pro Sky Blue,linear
HMX Glazed Jade,linear
Hades,linear
Haimu Heartbeat,linear
Haimu Whisper,tactile
Haimu x Geon Clear,
Haimu x Geon HG Silent Red,linear
Haimu x Geon White,tactile
Haimu x Geon Yellow,tactile
HiGround x TTC Titan Heart,linear
Honeycomb,linear
Hoshizora,linear
Huano Clicky White,clicky
Huano Dustproof Purple & Hot Pink (Grey Bottom),clicky
Huano Earth Yellow,linear
Huano Fi,linear
Huano Hi,linear
Huano Hot Pink,clicky
Huano Pandora,linear
Huano Pineapple,linear
Huano Pink,linear
Huano Purple,linear
Huano Red-Orange,tactile
Huano Silver,linear
Huano Spirit Wind,linear
Huano Teal,clicky
Huano Turquoise,linear
Huano Turquoise V2,linear
Husky,linear
HyperX Aqua,tactile
HyperX Blue,clicky
HyperX Red,linear
IDOBAO Elf Linear-C1,linear
IDOBAO Elf Tactile-T1,tactile
In Former Days,linear
Invokeys Black Sesame,linear
Invokeys Blueberry Chiffon HDPE Prototype R1,tactile
Invokeys Blueberry Chiffon Prototype R1,tactile
Invokeys Blueberry Chiffon Prototype R2,tactile
Invokeys Matcha Latte,linear
Invyr Holy Panda,tactile
JKLP Holy Panda,tactile
JWICK Ginger Milk,linear
JWICK Ice White,linear
JWICK Red,linear
JWICK Semi Silent,linear
JWICK T1,tactile
JWICK Taro,tactile
JWICK Ultimate Black,linear
JWICK Yellow,linear
JWK Black CV1,linear
JWK Black CV2,linear
JWK Blue Lotus,linear
JWK Bluey,linear
JWK CW,linear
JWK DIE FOR ME,linear
JWK F1,linear
JWK Pink-Jade,linear
JWK PointWorks Purple,linear
Jerrzi Black,linear
Jerrzi Blue,clicky
Jerrzi Brown,tactile
Jerrzi Coral,linear
Jerrzi Dustproof Clear,linear
Jerrzi Dustproof Pink,linear
Jerrzi Dustproof White,linear
Jerrzi Dustproof Yellow,linear
Jerrzi Fortune,linear
Jerrzi Kyria Brown,tactile
Jerrzi Kyria Grey,linear
Jerrzi Kyria Pink,linear
Jerrzi Kyria Red,linear
Jerrzi Kyria White,linear
Jerrzi Kyria Yellow,linear
Jerrzi Orange,linear
Jerrzi Red,linear
Jerrzi Seashell,linear
Jerrzi Violet,tactile
Jerrzi Yellow,linear
Jixian Blue,clicky
Joininkeys Jade Rabbit,linear
KFA Lubed Pink Robin,linear
KFA N2O Laughing Gas,linear
KNC Keys Black Jacket,tactile
KRGD Blue,clicky
KRGD Brown,tactile
KTEK Silver,linear
KTT Blue Jacaranda,linear
KTT Cabbage Tofu (Opaque Top),linear
KTT Cabbage Tofu (Transparent Top),linear
KTT Carpenteria,tactile
KTT Chalk,linear
KTT Cheese Blue,linear
KTT Cloud Blue (New Mold),linear
KTT Custard,linear
KTT Darling,linear
KTT Floating Light,linear
KTT Gold,clicky
KTT Grey Sample,linear
KTT Hyacinth,linear
KTT Iwai Tea,linear
KTT Laurel,linear
KTT Lavender,linear
KTT Light Tone,linear
KTT Lightning,linear
KTT Low Profile Brown,tactile
KTT Low Profile Red,linear
KTT Low Profile White,linear
KTT Macaron (Chinajoy Edition),linear
KTT Mango Sago,linear
KTT Marble,tactile
KTT Matcha (Blank Nameplate),tactile
KTT Phalaenopsis,tactile
KTT Pink Moon,linear
KTT Pink and Green Sample,linear
KTT Pink and Lime Green Sample,linear
KTT Pink and Pink Sample,linear
KTT Pink and White Sample,linear
KTT Pink and Yellow Sample,linear
KTT Purple Sauce,clicky
KTT Purple Star,linear
KTT Reccazr KU Brown,tactile
KTT Reccazr KU Orange,linear
KTT Soot,tactile
KTT Strawberry,linear
KTT Waverider,tactile
Kailh Arctic Fox,clicky
Kailh Arctic Fox V2,clicky
Kailh Box Ancient Grey,linear
Kailh Box Avocado,linear
Kailh Box Blueberry Ice Cream,linear
Kailh Box Cotton Candy,clicky
Kailh Box Ice Mint,linear
Kailh Box Jade,clicky
Kailh Box Marshmallow,linear
Kailh Box Navy,clicky
Kailh Box Speed Ultimate,linear
Kailh Box Strawberry Ice Cream,linear
Kailh Box Summer (Zhixia),clicky
Kailh Box V2 Brown,tactile
Kailh Box V2 Red,linear
Kailh Box V2 White,clicky
Kailh Chinoiserie Delo,tactile
Kailh Choc Low Profile Burnt Orange,tactile
Kailh Choc Sunset,tactile
Kailh Christmas Tree,linear
Kailh Crystal Burgundy,linear
Kailh Deep Sea,linear
Kailh MX Star,linear
Kailh Midnight Grey,linear
Kailh Midnight Light Yellow,tactile
Kailh Pink Unicorn,linear
Kailh Pro Burgundy (PCB Mount),linear
Kailh Pro Burgundy (Plate Mount),linear
Kailh Pro Heavy Berry (PCB Mount),linear
Kailh Pro Heavy Berry (Plate Mount),linear
Kailh Pro Heavy Plum (PCB Mount),tactile
Kailh Pro Heavy Plum (Plate Mount),tactile
Kailh Pro Heavy Sage (PCB Mount),clicky
Kailh Pro Heavy Sage (Plate Mount),clicky
Kailh Pro Light Green (PCB Mount),clicky
Kailh Pro Light Green (Plate Mount),clicky
Kailh Pro Midnight Grey,linear
Kailh Pro Midnight Light Yellow,tactile
Kailh Pro Purple (PCB Mount),tactile
Kailh Pro Purple (Plate Mount),tactile
Kailh Santa Hat,linear
Kailh Speed Bronze (Plate Mount),clicky
Kailh Speed Copper (PCB Mount),tactile
Kailh Speed Copper (Plate Mount),tactile
Kailh Speed Gold (PCB Mount),clicky
Kailh Speed Gold (Plate Mount),clicky
Kailh Speed Pink,clicky
Kailh Speed Silver (PCB Mount),linear
Kailh Speed Silver (Plate Mount),linear
Kailh Sunset Tactile Choc,tactile
Kailh Super Speed Red,linear
Kailh Super Speed Silver,linear
Kailh White Owl,clicky
Kailh x Varmilo Prestige Blue,clicky
Kailh x Varmilo Prestige Red,linear
KeyGeek Blue and Yellow Sample,linear
KeyGeek Raw,linear
Keychron Gateron Phantom Brown,tactile
Keychron Low Profile Banana,tactile
Keychron Low Profile Mint,linear
Keychron Red (Clear_Black),linear
Keychron x Gateron Phantom Yellow,linear
Keyfirst Bling Blue,linear
Keyfirst Bling Green,linear
Keyfirst Bling Purple,linear
Keyfirst Bling Red,linear
Keyfirst Bling Yellow,linear
Kinetic Labs Gecko,linear
Kono Midnight,tactile
Kono Sunrise,tactile
Kono Sunset,linear
LCET Black (Black Bottom),linear
LCET Brown (Black Bottom),tactile
LCET Moonlit Night,linear
LCET Sea Night,tactile
LCET Wujing,linear
LICHICX Green Mustard,linear
LICHICX Lucy,linear
Langtu Sea-Air,linear
Lelelab Crystal,linear
Lelelab Y2K,tactile
Leobog Ashwood,linear
Leobog Ashwood V2,linear
Leobog Ashwood V3,linear
Leobog Black,linear
Leobog Ice Soul,tactile
Leobog Juggle,tactile
Leobog Juggle V2,tactile
Leobog Kayking,linear
Leobog Kayking V3,linear
Leobog Leek_Chive,linear
Leobog Nimbus,linear
Leobog Nimbus V2,linear
Leobog Rock,linear
Leobog Standard Brown,tactile
Leobog Wolfberry,linear
Leobog Wolfberry V2,linear
Leobog Yiling,linear
Lubed Black Geon Switch,linear
Lubed Clear Geon Switch,tactile
Lubed Invokeys Blueberry Chiffon,tactile
MK Dose,tactile
MMD 'Ice',linear
MMD 'Strawberry',linear
MMD Green Tactile,tactile
MMD Green and Grey Linear,linear
MMD Honey Tactile POM,tactile
MMD Matcha Ice Cream,linear
MOD-H Linear,linear
MOD-H Tactile,tactile
MOD-L Linear,linear
MOD-L Tactile,tactile
MOD-M Linear,linear
MOD-M Tactile,tactile
MOD-SH,linear
MODE Anthracite,tactile
MODE Anthracite Prototype,tactile
MODE Obscura,linear
MODE Obscura Prototype,linear
MODE Reflex,linear
MODE Signal,tactile
MODE Tomorrow Blue,tactile
MODE Tomorrow Blue Prototype,tactile
MODE Tomorrow Green,tactile
MODE Tomorrow Green Prototype,tactile
MODE Tomorrow Orange,tactile
MODE Tomorrow Orange Prototype,tactile
MODE Tomorrow Purple,tactile
MODE Tomorrow Purple Prototype,tactile
MODE Tomorrow Yellow,tactile
MODE Tomorrow Yellow Prototype,tactile
Malvix Studio Irene,linear
Mamba,linear
Matcha Bamboo Shoot,linear
Meirun Orange Sample,linear
Meirun Red Sample,linear
Mekanisk Ultramarine V2,linear
Melon Milk Linear,linear
Melon Milk Tactile,tactile
Mint Chocolate Chip POM,tactile
Momoka Frog V3,linear
Momoka Shark,tactile
Monka V3 Cherry Powder,linear
Moondrop x G-Square Lunalight,linear
Moondrop x G-Square Tessence,tactile
Mountain Linear 45g,linear
Mountain Linear 45g Speed,linear
Mountain Tactile 55g,tactile
Moyu Pansy,tactile
Moyu Silent 'In House' Sample,linear
Moyu Studio Ice Matcha,tactile
Moyu Studio x XCJZ Snow Grape,linear
Musetsu,tactile
NK Silk Awaken Green,linear
NK Silk Awaken Pink,linear
NK Silk Mictlan Blue,linear
NK Silk Mictlan Orange,linear
NK Silk Mictlan Pink,linear
NK Silk Mictlan Purple,linear
NK Silk Mictlan Yellow,linear
NK TFUE Silk,linear
Naevy V2,tactile
Neapolitan Ice Cream,tactile
Next Time Blue Star,linear
NextTime Engine V3,linear
NextTime Watermelon Pro,linear
Nightingale Lubed,tactile
Nightingale Unlubed,tactile
Novelkeys Box Cream,linear
Novelkeys Cream,linear
Novelkeys Cream Arc,linear
Novelkeys Cream Arc Inverted Spring,linear
Novelkeys Cream Clickie,linear
Novelkeys Cream Tactile,tactile
Novelkeys Cream+,linear
Novelkeys Cream+ (Copper Insert),linear
Novelkeys Cream+ (Silicone Insert Proto),linear
Novelkeys Cream+ (Titanium Insert),linear
Novelkeys Dream Cream,linear
Novelkeys Launch Cream,linear
Novelkeys Sherbet,clicky
OArmy Green,clicky
Obsidian L,linear
Obsidian Pro,linear
Obsidian Pro V2,linear
Oooolong,linear
Opblack,linear
Outemu Autumn,tactile
Outemu Bai Lan,linear
Outemu Cream Green,linear
Outemu Cream Top Milk Green,clicky
Outemu Cream Top Milk Peach,linear
Outemu Cream Top Milk Tea,tactile
Outemu Dustproof Yellow,linear
Outemu Emerald,linear
Outemu Full Cream Green,clicky
Outemu Full Cream Peach,linear
Outemu Full Cream Tea,tactile
Outemu Jerry,clicky
Outemu Lemon V2,tactile
Outemu Milk Green,clicky
Outemu Milk Peach,linear
Outemu Milk Tea,tactile
Outemu Ocean Silent Dustproof Linear,linear
Outemu Ocean Silent Linear,linear
Outemu Peach V2,linear
Outemu Smoky Blue,linear
Outemu Smoky Red,linear
Outemu Spring,clicky
Outemu Summer,linear
Outemu Tom,tactile
Outemu Winter,linear
Owlabs Neon,linear
Oxford Micro Orange,clicky
Penguin (Lubed),tactile
Philikey Blue and White,linear
Philikeys Pink,linear
Philikeys White,tactile
Pink 43Studio Prototype,linear
Polycarbonate over Nylon Invokeys Matcha Latte V2 Prototype,linear
Popcorn,tactile
Popu,linear
Prevail Key Co Nebula,linear
ProWorld Clicky,linear
PunkShoo Melody,tactile
PunkShoo Melody Factory Error,tactile
PunkShoo Melody Prototype,tactile
PunkShoo Runner,tactile
PunkShoo Runner Fat Housing Prototype,tactile
Qeeke Mica,linear
Quartz V2,linear
RAMA WORKS Duck,linear
RAMA WORKS Duck Sample 1,linear
RAMA WORKS Duck Sample 2,linear
RK Celadon,linear
RK Golden Purple,linear
RK Latte,linear
RK Sakura,linear
RK Sea Blue,linear
RK White,tactile
Raed V2,linear
Rapoo Yellow,linear
Red Jacket,linear
Redragon Crystal Panda,tactile
Redragon Panda,tactile
Redragon Sapphire,tactile
Redragon Thin Lemon,linear
Rococo Tactile,tactile
Rubrehose Brown,linear
Rubrehose Grey,linear
S1 Peaches,linear
SOTC,linear
SP Star Meteor Grey (Grey Housing),linear
SP Star Meteor Orange (Grey Housing),tactile
SP Star Meteor Purple (Grey Housing),tactile
SP Star Meteor V3,linear
SP Star Meteor White (Grey Housing),linear
SP Star Sacramento,linear
Safety,linear
Sakurio,linear
Sarokeys BCP,linear
Sarokeys Strawberry Milkshake S,linear
Saybour Optical Blue,clicky
Silent Alpaca,linear
Silent Blue Macaw,tactile
Silent Coral,linear
Skyloong Brown Iceberg,tactile
Skyloong Pink Iceberg,tactile
Skyloong Red Iceberg,linear
Skyloong Silent Brown Iceberg,tactile
Skyloong Silent Pink Iceberg,tactile
Skyloong Silent Red Iceberg,linear
Skyloong Silent Silver Iceberg,linear
Skyloong Silent White Iceberg,linear
Skyloong Silent Yellow Iceberg,linear
Skyloong Silver Iceberg,linear
Skyloong White Iceberg,linear
Skyloong Yellow Iceberg,linear
Splash Brothers,linear
Strawberry Jelly V4,linear
Strawberry Milk Ice Linear,linear
Strawberry Milk Ice Tactile,tactile
Sunny Side Up Linear,linear
Swagkeys Bubble,linear
Swirl Red,linear
TKC Blackberry,clicky
TTC Ace V1.5,linear
TTC Ace V2,linear
TTC Bluish White (Full Silent),tactile
TTC Chaotic Panda,tactile
TTC Cloud V2,linear
TTC Cyber Panda,tactile
TTC Flame Purple,linear
TTC Flame Red Half Height LED,linear
TTC Frozen V2,linear
TTC Gold Brown Pro,tactile
TTC Gold Red Pro,linear
TTC Gold Silver Pro,linear
TTC Holy Panda V2,tactile
TTC K Series Black,linear
TTC K Series Blue,clicky
TTC K Series Brown,tactile
TTC K Series Red,linear
TTC Love,linear
TTC MT Blue,clicky
TTC MT Red,linear
TTC Matrix 01 Linear,linear
TTC Matrix 01 Tactile,tactile
TTC NCR V2,linear
TTC Neptune,linear
TTC Old School,linear
TTC Orange V2 Brown,tactile
TTC Orange V2 Red,linear
TTC Razer Dustproof Green,clicky
TTC Razer Dustproof Orange,tactile
TTC Razer Dustproof Yellow,linear
TTC Silent Red V2,linear
TTC Speed Silver,linear
TTC Tiger,linear
TTC Venus,linear
TTC Wild (42g),linear
TTC Wild (55g),linear
TTC Yellow Top Brown,tactile
TTC Yellow Top Brown (Lightbar),tactile
TTC x Varmilo Speed Gold,linear
Tamago Sushi,linear
Tbcats Blue Balloon 42g,linear
Tbcats Blue Balloon 63g,linear
Tealio V2,linear
TeamWolf Black,linear
TeamWolf Blue,clicky
TeamWolf Optical Green 4.0,clicky
TeamWolf Optical Tan 2.0,clicky
TeamWolf Optical Tan 4.0,clicky
TeamWolf Red,linear
TeamWolf x Manic Red,linear
Techno Violet V1,linear
Tecsee Coral,tactile
Tecsee Ice Milk Tactile,tactile
Tecsee Lake Blue,linear
Tecsee Middle Switch Linear,linear
Tecsee Middle Switch Tactile,tactile
Tecsee Sky Blue Cloud Linear,linear
Tecsee Sky Blue Cloud Tactile,tactile
Tecsee Strawberry Ice,linear
Teton Cream,linear
TofuTypes x KNC Keys Tofu,linear
Toy Brick,linear
Transmit (52g),linear
Transmit (62g),linear
Transmit Garage Kit,linear
Transmit Green (42g),linear
Transmit Iced Tea,tactile
Transmit Small Iceberg,linear
Transmit Toy,linear
Trash Linear,linear
Tropical Water V2,linear
U4TX Plum,tactile
Ube Crinkle Cookie,linear
Unlabeled Invokeys Matcha Latte V2 Prototype,linear
Unlubed Invokeys Blueberry Chiffon,tactile
Varmilo EC V2 Iris,tactile
Varmilo EC V2 Jasmine,linear
Varmilo EC V2 Moxa,linear
Varmilo EC V2 Orange,linear
Varmilo EC V2 Violet,tactile
Vertex V1 (Unlubed),linear
WS Aurora Blue (Unlubed),linear
WS Aurora Clear (Unlubed),linear
WS Aurora Fog (Unlubed),linear
WS Aurora Pink,linear
WS Aurora Pink (Unlubed),linear
WS Onion,linear
Whale Works x Illusion Illusion,linear
White Lotus,tactile
Wooting Lekker,linear
Wuque Studio Dustproof Grey,tactile
Wuque Studio Dustproof White,linear
Wuque Studio Morandi,linear
XCJZ Jerrzi Lotus Stem,clicky
YOK EMT V1,linear
Zaku (Nameplate),linear
Zealio V1 Redux 62g,tactile
Zealio V2 AC (62g),tactile
Zealio V2 AC (78g),tactile
Zepsody Bluebonnet,linear
Zorro Black (White Bottom),linear
Zorro Blue (White Bottom),clicky
Zorro Brown (White Bottom),tactile
Zorro Red (White Bottom),linear
dk Oni,linear
